timestamp,deployment_name,current_replicas,current_request,predicted_request
2026-02-05 15:32:29,test-app,2,23.999999999999996,20.10191
2026-02-05 15:33:29,test-app,2,23.999999999999996,22.006899
2026-02-05 15:34:29,test-app,2,23.999999999999996,22.306837
2026-02-05 15:35:29,test-app,2,23.999999999999996,22.12278
2026-02-05 15:36:29,test-app,2,23.999999999999996,20.904552
2026-02-05 15:37:29,test-app,2,23.999999999999996,23.847033
2026-02-05 15:38:29,test-app,2,23.999999999999996,23.932644
2026-02-05 15:39:29,test-app,2,23.999999999999996,24.000988
2026-02-05 15:40:29,test-app,2,23.999999999999996,24.000988
2026-02-05 15:41:29,test-app,2,23.999999999999996,24.000988
2026-02-05 15:42:29,test-app,2,23.999999999999996,24.000988
2026-02-05 15:43:29,test-app,2,23.999999999999996,24.000988
2026-02-05 15:44:29,test-app,2,23.999999999999996,24.000988
2026-02-05 15:45:29,test-app,2,123.9097272727273,160.0658
2026-02-05 15:46:30,test-app,2,6698.181818181818,N/A
2026-02-05 15:47:30,test-app,2,3536.727272727272,3599.8025
2026-02-05 15:48:30,test-app,4,2508.83232,8597.041
2026-02-05 15:49:30,test-app,4,6741.818181818182,4470.271
2026-02-05 15:50:30,test-app,4,3639.2727272727275,2897.8503
2026-02-05 15:51:30,test-app,4,2689.090909090909,2824.0054
2026-02-05 15:52:30,test-app,4,6702.545454545454,9143.066
2026-02-05 15:53:30,test-app,4,3684.0,4071.4058
2026-02-05 15:54:30,test-app,4,2584.363636363636,3820.6765
2026-02-05 15:55:30,test-app,4,6860.727272727273,5432.004
2026-02-05 15:56:30,test-app,4,3704.7272727272725,4303.883
2026-02-05 15:57:30,test-app,4,2549.4545454545455,4351.8916
2026-02-05 15:58:30,test-app,4,6746.181818181817,5137.9624
2026-02-05 15:59:30,test-app,4,3578.181818181818,4368.35
2026-02-05 16:00:30,test-app,4,2658.5454545454545,4598.5513
2026-02-05 16:01:30,test-app,4,6748.363636363636,5520.2515
2026-02-05 16:02:30,test-app,4,3579.272727272727,4483.693
2026-02-05 16:03:30,test-app,4,2585.3985174901454,5256.138
2026-02-05 16:04:30,test-app,4,6660.0,5255.854
2026-02-05 16:05:30,test-app,4,3641.454545454545,4276.168
2026-02-05 16:06:30,test-app,4,2564.7272727272725,4210.054
2026-02-05 16:07:30,test-app,4,6762.545454545454,5289.6406
2026-02-05 16:08:30,test-app,4,3544.363636363636,4471.403
2026-02-05 16:09:31,test-app,4,2610.5454545454545,5422.9175
2026-02-05 16:10:31,test-app,4,6740.727272727273,5360.9033
2026-02-05 16:11:31,test-app,4,3352.363636363636,4246.5176
2026-02-05 16:12:31,test-app,4,2734.9090909090905,4809.482
2026-02-05 16:13:31,test-app,4,6856.363636363636,5530.293
2026-02-05 16:14:31,test-app,4,3454.9090909090905,4329.298
2026-02-05 16:15:31,test-app,4,2786.181818181818,5170.897
2026-02-05 16:16:31,test-app,4,6785.454545454545,5360.844
2026-02-05 16:17:31,test-app,4,3429.818181818182,4271.6094
2026-02-05 16:18:31,test-app,4,2799.2727272727275,4777.418
2026-02-05 16:19:31,test-app,4,6784.363636363636,5502.196
2026-02-05 16:20:31,test-app,4,3322.9090909090905,4315.0547
2026-02-05 16:21:31,test-app,4,2754.5454545454545,4998.214
2026-02-05 16:22:31,test-app,4,6868.363636363636,5544.4326
2026-02-05 16:23:31,test-app,4,3421.090909090909,4321.905
2026-02-05 16:24:31,test-app,4,2738.181818181818,5070.934
2026-02-05 16:25:31,test-app,4,6788.727272727272,5335.6045
2026-02-05 16:26:31,test-app,4,3348.0,4287.4224
2026-02-05 16:27:31,test-app,4,2835.272727272727,4864.3022
2026-02-05 16:28:31,test-app,4,6800.727272727273,5608.8022
2026-02-05 16:29:31,test-app,4,3454.9090909090905,4347.881
2026-02-05 16:30:31,test-app,4,2608.363636363636,5447.108
2026-02-05 16:31:31,test-app,4,6888.065060217065,5373.0254
2026-02-05 16:32:31,test-app,4,3415.6363636363635,4303.497
2026-02-05 16:33:32,test-app,4,2821.090909090909,4702.1934
2026-02-05 16:34:32,test-app,4,6824.727272727272,5626.9624
2026-02-05 16:35:32,test-app,4,3322.9090909090905,4465.298
2026-02-05 16:36:32,test-app,4,2781.8181818181815,5707.087
2026-02-05 16:37:32,test-app,4,6873.818181818182,5693.6006
2026-02-05 16:38:32,test-app,4,3370.909090909091,4286.0127
2026-02-05 16:39:32,test-app,4,2698.9090909090905,4740.177
2026-02-05 16:40:32,test-app,4,6816.0,5377.619
2026-02-05 16:41:32,test-app,4,3314.181818181818,4318.0547
2026-02-05 16:42:32,test-app,4,2656.3636363636365,5098.922
2026-02-05 16:43:32,test-app,4,6797.454545454545,5436.7036
2026-02-05 16:44:32,test-app,4,3382.909090909091,4342.303
2026-02-05 16:45:32,test-app,4,2683.611571149479,5247.855
2026-02-05 16:46:32,test-app,4,6794.181818181818,5407.911
2026-02-05 16:47:32,test-app,4,3397.121138289326,4329.893
2026-02-05 16:48:32,test-app,4,2708.7272727272725,5210.0977
2026-02-05 16:49:32,test-app,4,6865.090909090908,5476.2637
2026-02-05 16:50:32,test-app,4,3444.030903603106,4304.8315
2026-02-05 16:51:32,test-app,4,2758.9090909090905,5024.2803
2026-02-05 16:52:32,test-app,4,6795.272727272727,5394.725
2026-02-05 16:53:32,test-app,4,3380.7272727272725,4271.272
2026-02-05 16:54:32,test-app,4,2777.4545454545455,4756.263
2026-02-05 16:55:32,test-app,4,6782.181818181818,5519.39
2026-02-05 16:56:33,test-app,4,3412.363636363636,4306.9014
2026-02-05 16:57:33,test-app,4,2804.7272727272725,4973.1626
2026-02-05 16:58:33,test-app,4,6751.636363636363,5457.0776
2026-02-05 16:59:33,test-app,4,3391.6363636363635,4308.856
2026-02-05 17:00:33,test-app,4,2638.9090909090905,5218.2925
2026-02-05 17:01:33,test-app,4,6746.181818181817,5330.5854
2026-02-05 17:02:33,test-app,4,919.6290647282248,3997.147
2026-02-05 17:03:33,test-app,4,47.99999999999999,N/A
2026-02-05 17:04:33,test-app,4,47.99999999999999,N/A
2026-02-05 17:05:33,test-app,4,47.99999999999999,N/A
2026-02-05 17:06:33,test-app,4,47.99999999999999,N/A
2026-02-05 17:07:33,test-app,4,47.99999999999999,N/A
2026-02-05 17:08:33,test-app,4,47.99999999999999,N/A
2026-02-05 17:09:33,test-app,4,47.99999999999999,N/A
2026-02-05 17:10:33,test-app,4,47.99999999999999,N/A
2026-02-05 17:11:33,test-app,4,47.99999999999999,10.072182
